id,label
500000,forest
500001,street
500002,sea
500003,sea
500004,glacier
500005,sea
500006,sea
500007,sea
500008,buildings
500009,sea
500010,mountain
500011,forest
500012,glacier
500013,buildings
500014,glacier
500015,street
500016,forest
500017,forest
500018,forest
500019,glacier
500020,street
500021,street
500022,street
500023,street
500024,glacier
500025,street
500026,sea
500027,buildings
500028,forest
500029,buildings
500030,glacier
500031,sea
500032,buildings
500033,glacier
500034,buildings
500035,glacier
500036,buildings
500037,sea
500038,mountain
500039,forest
500040,street
500041,glacier
500042,buildings
500043,forest
500044,street
500045,buildings
500046,glacier
500047,sea
500048,street
500049,mountain
500050,mountain
500051,buildings
500052,street
500053,mountain
500054,street
500055,street
500056,mountain
500057,sea
500058,street
500059,street
500060,sea
500061,buildings
500062,mountain
500063,forest
500064,forest
500065,forest
500066,sea
500067,buildings
500068,mountain
500069,sea
500070,mountain
500071,buildings
500072,sea
500073,buildings
500074,street
500075,mountain
500076,forest
500077,street
500078,sea
500079,street
500080,mountain
500081,forest
500082,glacier
500083,glacier
500084,mountain
500085,mountain
500086,sea
500087,sea
500088,buildings
500089,glacier
500090,mountain
500091,sea
500092,forest
500093,mountain
500094,forest
500095,forest
500096,forest
500097,glacier
500098,forest
500099,mountain
500100,glacier
500101,buildings
500102,glacier
500103,mountain
500104,forest
500105,mountain
500106,mountain
500107,mountain
500108,street
500109,buildings
500110,street
500111,mountain
500112,glacier
500113,forest
500114,forest
500115,glacier
500116,buildings
500117,mountain
500118,mountain
500119,sea
500120,sea
500121,sea
500122,glacier
500123,buildings
500124,street
500125,street
500126,mountain
500127,glacier
500128,mountain
500129,buildings
500130,street
500131,mountain
500132,buildings
500133,buildings
500134,buildings
500135,sea
500136,buildings
500137,street
500138,sea
500139,sea
500140,sea
500141,street
500142,street
500143,sea
500144,forest
500145,forest
500146,glacier
500147,street
500148,mountain
500149,mountain
500150,forest
500151,buildings
500152,mountain
500153,mountain
500154,buildings
500155,buildings
500156,sea
500157,mountain
500158,street
500159,sea
500160,street
500161,glacier
500162,sea
500163,mountain
500164,mountain
500165,street
500166,glacier
500167,street
500168,buildings
500169,mountain
500170,glacier
500171,glacier
500172,mountain
500173,mountain
500174,buildings
500175,sea
500176,sea
500177,mountain
500178,glacier
500179,sea
500180,mountain
500181,mountain
500182,buildings
500183,street
500184,street
500185,sea
500186,street
500187,forest
500188,street
500189,mountain
500190,buildings
500191,buildings
500192,mountain
500193,sea
500194,sea
500195,mountain
500196,buildings
500197,forest
500198,sea
500199,forest
500200,mountain
500201,buildings
500202,mountain
500203,glacier
500204,buildings
500205,sea
500206,street
500207,street
500208,forest
500209,forest
500210,buildings
500211,buildings
500212,buildings
500213,glacier
500214,forest
500215,glacier
500216,sea
500217,street
500218,sea
500219,sea
500220,glacier
500221,mountain
500222,mountain
500223,mountain
500224,glacier
500225,sea
500226,mountain
500227,glacier
500228,sea
500229,mountain
500230,sea
500231,buildings
500232,street
500233,mountain
500234,glacier
500235,forest
500236,forest
500237,glacier
500238,street
500239,glacier
500240,glacier
500241,forest
500242,glacier
500243,glacier
500244,street
500245,sea
500246,sea
500247,buildings
500248,street
500249,street
500250,buildings
500251,sea
500252,sea
500253,sea
500254,buildings
500255,street
500256,mountain
500257,sea
500258,sea
500259,forest
500260,street
500261,street
500262,street
500263,mountain
500264,sea
500265,street
500266,sea
500267,mountain
500268,sea
500269,sea
500270,mountain
500271,sea
500272,buildings
500273,mountain
500274,buildings
500275,sea
500276,mountain
500277,sea
500278,buildings
500279,forest
500280,sea
500281,glacier
500282,forest
500283,forest
500284,buildings
500285,forest
500286,buildings
500287,buildings
500288,mountain
500289,street
500290,forest
500291,street
500292,buildings
500293,buildings
500294,forest
500295,street
500296,forest
500297,sea
500298,forest
500299,buildings
500300,forest
500301,glacier
500302,forest
500303,mountain
500304,sea
500305,mountain
500306,sea
500307,mountain
500308,glacier
500309,buildings
500310,sea
500311,forest
500312,forest
500313,forest
500314,sea
500315,mountain
500316,street
500317,mountain
500318,street
500319,street
500320,mountain
500321,street
500322,mountain
500323,buildings
500324,forest
500325,mountain
500326,glacier
500327,sea
500328,buildings
500329,forest
500330,sea
500331,street
500332,buildings
500333,forest
500334,sea
500335,sea
500336,forest
500337,mountain
500338,forest
500339,forest
500340,street
500341,forest
500342,buildings
500343,glacier
500344,street
500345,street
500346,forest
500347,forest
500348,sea
500349,street
500350,street
500351,glacier
500352,street
500353,glacier
500354,buildings
500355,glacier
500356,glacier
500357,glacier
500358,forest
500359,mountain
500360,glacier
500361,mountain
500362,mountain
500363,glacier
500364,street
500365,forest
500366,forest
500367,sea
500368,street
500369,mountain
500370,street
500371,forest
500372,glacier
500373,street
500374,glacier
500375,mountain
500376,mountain
500377,glacier
500378,sea
500379,forest
500380,buildings
500381,mountain
500382,glacier
500383,sea
500384,glacier
500385,buildings
500386,glacier
500387,glacier
500388,mountain
500389,glacier
500390,sea
500391,street
500392,buildings
500393,forest
500394,buildings
500395,mountain
500396,buildings
500397,mountain
500398,mountain
500399,mountain
500400,glacier
500401,buildings
500402,buildings
500403,sea
500404,buildings
500405,buildings
500406,street
500407,mountain
500408,sea
500409,forest
500410,glacier
500411,buildings
500412,glacier
500413,forest
500414,glacier
500415,glacier
500416,mountain
500417,street
500418,sea
500419,forest
500420,forest
500421,street
500422,forest
500423,glacier
500424,street
500425,street
500426,sea
500427,street
500428,glacier
500429,glacier
500430,glacier
500431,forest
500432,buildings
500433,forest
500434,sea
500435,forest
500436,forest
500437,forest
500438,glacier
500439,sea
500440,street
500441,buildings
500442,mountain
500443,street
500444,glacier
500445,sea
500446,sea
500447,glacier
500448,sea
500449,sea
500450,street
500451,buildings
500452,buildings
500453,buildings
500454,glacier
500455,buildings
500456,buildings
500457,sea
500458,street
500459,forest
500460,street
500461,forest
500462,glacier
500463,mountain
500464,forest
500465,sea
500466,buildings
500467,sea
500468,buildings
500469,buildings
500470,glacier
500471,street
500472,street
500473,street
500474,glacier
500475,glacier
500476,buildings
500477,glacier
500478,mountain
500479,mountain
500480,buildings
500481,buildings
500482,forest
500483,street
500484,buildings
500485,sea
500486,sea
500487,street
500488,buildings
500489,glacier
500490,sea
500491,forest
500492,street
500493,street
500494,sea
500495,sea
500496,street
500497,forest
500498,forest
500499,sea
500500,sea
500501,buildings
500502,forest
500503,glacier
500504,mountain
500505,buildings
500506,sea
500507,mountain
500508,street
500509,glacier
500510,glacier
500511,glacier
500512,street
500513,sea
500514,forest
500515,buildings
500516,street
500517,sea
500518,mountain
500519,street
500520,glacier
500521,street
500522,mountain
500523,mountain
500524,glacier
500525,glacier
500526,street
500527,forest
500528,forest
500529,street
500530,sea
500531,mountain
500532,mountain
500533,mountain
500534,street
500535,glacier
500536,mountain
500537,glacier
500538,mountain
500539,street
500540,mountain
500541,buildings
500542,sea
500543,glacier
500544,buildings
500545,forest
500546,mountain
500547,street
500548,mountain
500549,glacier
500550,mountain
500551,street
500552,buildings
500553,buildings
500554,mountain
500555,street
500556,mountain
500557,mountain
500558,mountain
500559,mountain
500560,mountain
500561,sea
500562,mountain
500563,glacier
500564,sea
500565,street
500566,sea
500567,sea
500568,street
500569,glacier
500570,glacier
500571,sea
500572,mountain
500573,forest
500574,sea
500575,glacier
500576,glacier
500577,glacier
500578,street
500579,mountain
500580,mountain
500581,forest
500582,street
500583,sea
500584,street
500585,sea
500586,glacier
500587,street
500588,mountain
500589,sea
500590,buildings
500591,sea
500592,street
500593,buildings
500594,sea
500595,buildings
500596,street
500597,glacier
500598,mountain
500599,mountain
500600,street
500601,street
500602,buildings
500603,street
500604,glacier
500605,mountain
500606,glacier
500607,street
500608,glacier
500609,forest
500610,buildings
500611,buildings
500612,buildings
500613,forest
500614,forest
500615,mountain
500616,sea
500617,sea
500618,forest
500619,mountain
500620,street
500621,sea
500622,sea
500623,mountain
500624,street
500625,sea
500626,sea
500627,mountain
500628,mountain
500629,buildings
500630,buildings
500631,sea
500632,buildings
500633,street
500634,mountain
500635,mountain
500636,mountain
500637,street
500638,buildings
500639,street
500640,buildings
500641,forest
500642,buildings
500643,glacier
500644,mountain
500645,street
500646,sea
500647,glacier
500648,sea
500649,mountain
500650,buildings
500651,buildings
500652,buildings
500653,street
500654,mountain
500655,glacier
500656,glacier
500657,sea
500658,sea
500659,forest
500660,buildings
500661,street
500662,forest
500663,buildings
500664,mountain
500665,mountain
500666,forest
500667,street
500668,street
500669,sea
500670,mountain
500671,sea
500672,glacier
500673,forest
500674,buildings
500675,glacier
500676,forest
500677,buildings
500678,buildings
500679,street
500680,street
500681,buildings
500682,sea
500683,glacier
500684,forest
500685,buildings
500686,buildings
500687,glacier
500688,glacier
500689,sea
500690,glacier
500691,forest
500692,buildings
500693,street
500694,buildings
500695,forest
500696,forest
500697,forest
500698,street
500699,sea
500700,sea
500701,street
500702,forest
500703,sea
500704,glacier
500705,forest
500706,sea
500707,sea
500708,sea
500709,sea
500710,buildings
500711,forest
500712,mountain
500713,mountain
500714,forest
500715,forest
500716,mountain
500717,forest
500718,street
500719,glacier
500720,street
500721,forest
500722,glacier
500723,forest
500724,buildings
500725,buildings
500726,forest
500727,sea
500728,sea
500729,mountain
500730,street
500731,sea
500732,forest
500733,mountain
500734,buildings
500735,sea
500736,street
500737,sea
500738,mountain
500739,street
500740,sea
500741,street
500742,glacier
500743,forest
500744,glacier
500745,glacier
500746,sea
500747,street
500748,sea
500749,buildings
500750,street
500751,buildings
500752,sea
500753,street
500754,mountain
500755,sea
500756,street
500757,street
500758,sea
500759,buildings
500760,buildings
500761,buildings
500762,forest
500763,mountain
500764,glacier
500765,mountain
500766,sea
500767,forest
500768,mountain
500769,street
500770,forest
500771,street
500772,sea
500773,mountain
500774,sea
500775,mountain
500776,sea
500777,glacier
500778,buildings
500779,buildings
500780,glacier
500781,street
500782,street
500783,street
500784,sea
500785,buildings
500786,forest
500787,mountain
500788,buildings
500789,glacier
500790,street
500791,glacier
500792,sea
500793,glacier
500794,glacier
500795,forest
500796,sea
500797,mountain
500798,glacier
500799,forest
500800,street
500801,sea
500802,sea
500803,mountain
500804,mountain
500805,glacier
500806,glacier
500807,glacier
500808,buildings
500809,glacier
500810,glacier
500811,mountain
500812,forest
500813,glacier
500814,sea
500815,glacier
500816,forest
500817,buildings
500818,buildings
500819,glacier
500820,glacier
500821,glacier
500822,forest
500823,street
500824,forest
500825,glacier
500826,forest
500827,buildings
500828,mountain
500829,mountain
500830,buildings
500831,glacier
500832,sea
500833,street
500834,mountain
500835,sea
500836,sea
500837,sea
500838,street
500839,forest
500840,mountain
500841,forest
500842,glacier
500843,sea
500844,glacier
500845,street
500846,forest
500847,forest
500848,street
500849,street
500850,sea
500851,glacier
500852,forest
500853,mountain
500854,mountain
500855,street
500856,sea
500857,buildings
500858,forest
500859,buildings
500860,street
500861,street
500862,sea
500863,street
500864,street
500865,buildings
500866,street
500867,buildings
500868,glacier
500869,buildings
500870,sea
500871,glacier
500872,buildings
500873,buildings
500874,mountain
500875,sea
500876,buildings
500877,forest
500878,glacier
500879,street
500880,street
500881,forest
500882,street
500883,street
500884,buildings
500885,sea
500886,street
500887,mountain
500888,buildings
500889,glacier
500890,forest
500891,mountain
500892,mountain
500893,glacier
500894,sea
500895,street
500896,mountain
500897,glacier
500898,forest
500899,forest
500900,mountain
500901,forest
500902,street
500903,glacier
500904,forest
500905,sea
500906,mountain
500907,mountain
500908,glacier
500909,glacier
500910,sea
500911,sea
500912,buildings
500913,mountain
500914,street
500915,buildings
500916,buildings
500917,street
500918,sea
500919,mountain
500920,forest
500921,glacier
500922,mountain
500923,street
500924,street
500925,buildings
500926,glacier
500927,forest
500928,forest
500929,street
500930,glacier
500931,street
500932,street
500933,forest
500934,sea
500935,street
500936,sea
500937,glacier
500938,street
500939,mountain
500940,street
500941,street
500942,mountain
500943,glacier
500944,glacier
500945,forest
500946,sea
500947,mountain
500948,mountain
500949,street
500950,sea
500951,glacier
500952,street
500953,forest
500954,street
500955,glacier
500956,street
500957,sea
500958,glacier
500959,sea
500960,buildings
500961,glacier
500962,street
500963,forest
500964,glacier
500965,street
500966,glacier
500967,buildings
500968,street
500969,mountain
500970,glacier
500971,sea
500972,street
500973,forest
500974,sea
500975,forest
500976,glacier
500977,street
500978,mountain
500979,forest
500980,glacier
500981,forest
500982,mountain
500983,glacier
500984,glacier
500985,sea
500986,sea
500987,street
500988,glacier
500989,mountain
500990,mountain
500991,buildings
500992,glacier
500993,glacier
500994,buildings
500995,street
500996,forest
500997,buildings
500998,sea
500999,mountain
501000,mountain
501001,buildings
501002,forest
501003,buildings
501004,forest
501005,sea
501006,mountain
501007,mountain
501008,glacier
501009,forest
501010,sea
501011,buildings
501012,mountain
501013,sea
501014,glacier
501015,sea
501016,street
501017,mountain
501018,street
501019,street
501020,street
501021,mountain
501022,glacier
501023,buildings
501024,forest
501025,glacier
501026,forest
501027,sea
501028,street
501029,buildings
501030,mountain
501031,sea
501032,forest
501033,forest
501034,forest
501035,mountain
501036,buildings
501037,sea
501038,forest
501039,sea
501040,mountain
501041,street
501042,mountain
501043,glacier
501044,street
501045,sea
501046,sea
501047,forest
501048,forest
501049,mountain
501050,street
501051,street
501052,glacier
501053,sea
501054,buildings
501055,mountain
501056,forest
501057,glacier
501058,glacier
501059,sea
501060,buildings
501061,glacier
501062,glacier
501063,mountain
501064,buildings
501065,glacier
501066,buildings
501067,sea
501068,sea
501069,glacier
501070,glacier
501071,street
501072,sea
501073,forest
501074,forest
501075,street
501076,forest
501077,street
501078,mountain
501079,mountain
501080,street
501081,buildings
501082,street
501083,buildings
501084,sea
501085,sea
501086,mountain
501087,sea
501088,street
501089,buildings
501090,glacier
501091,buildings
501092,glacier
501093,forest
501094,mountain
501095,forest
501096,glacier
501097,street
501098,street
501099,street
501100,mountain
501101,mountain
501102,glacier
501103,sea
501104,sea
501105,forest
501106,street
501107,mountain
501108,forest
501109,street
501110,glacier
501111,forest
501112,sea
501113,street
501114,buildings
501115,mountain
501116,street
501117,street
501118,sea
501119,glacier
501120,glacier
501121,mountain
501122,street
501123,glacier
501124,street
501125,forest
501126,forest
501127,mountain
501128,street
501129,buildings
501130,street
501131,buildings
501132,street
501133,glacier
501134,glacier
501135,glacier
501136,forest
501137,mountain
501138,street
501139,forest
501140,buildings
501141,mountain
501142,mountain
501143,glacier
501144,glacier
501145,sea
501146,sea
501147,sea
501148,mountain
501149,buildings
501150,sea
501151,mountain
501152,forest
501153,glacier
501154,mountain
501155,sea
501156,forest
501157,sea
501158,mountain
501159,street
501160,forest
501161,mountain
501162,glacier
501163,glacier
501164,mountain
501165,mountain
501166,sea
501167,glacier
501168,sea
501169,mountain
501170,forest
501171,mountain
501172,mountain
501173,buildings
501174,sea
501175,glacier
501176,street
501177,buildings
501178,glacier
501179,sea
501180,glacier
501181,mountain
501182,sea
501183,mountain
501184,sea
501185,mountain
501186,mountain
501187,forest
501188,mountain
501189,sea
501190,buildings
501191,sea
501192,mountain
501193,street
501194,sea
501195,mountain
501196,street
501197,mountain
501198,mountain
501199,glacier
501200,mountain
501201,sea
501202,sea
501203,sea
501204,glacier
501205,glacier
501206,mountain
501207,mountain
501208,buildings
501209,buildings
501210,forest
501211,glacier
501212,forest
501213,sea
501214,street
501215,mountain
501216,street
501217,street
501218,sea
501219,street
501220,street
501221,forest
501222,glacier
501223,glacier
501224,street
501225,buildings
501226,glacier
501227,forest
501228,mountain
501229,glacier
501230,forest
501231,sea
501232,sea
501233,forest
501234,buildings
501235,mountain
501236,buildings
501237,mountain
501238,buildings
501239,forest
501240,mountain
501241,sea
501242,street
501243,glacier
501244,sea
501245,mountain
501246,buildings
501247,buildings
501248,street
501249,forest
501250,sea
501251,sea
501252,buildings
501253,mountain
501254,mountain
501255,sea
501256,glacier
501257,buildings
501258,forest
501259,glacier
501260,buildings
501261,street
501262,street
501263,glacier
501264,glacier
501265,forest
501266,mountain
501267,street
501268,sea
501269,mountain
501270,glacier
501271,sea
501272,forest
501273,mountain
501274,glacier
501275,mountain
501276,forest
501277,street
501278,glacier
501279,forest
501280,forest
501281,buildings
501282,street
501283,street
501284,mountain
501285,glacier
501286,buildings
501287,sea
501288,forest
501289,mountain
501290,mountain
501291,forest
501292,glacier
501293,mountain
501294,mountain
501295,street
501296,forest
501297,forest
501298,mountain
501299,sea
501300,sea
501301,glacier
501302,buildings
501303,forest
501304,forest
501305,forest
501306,street
501307,forest
501308,mountain
501309,sea
501310,street
501311,mountain
501312,street
501313,sea
501314,buildings
501315,street
501316,forest
501317,mountain
501318,mountain
501319,sea
501320,forest
501321,sea
501322,sea
501323,forest
501324,glacier
501325,street
501326,glacier
501327,street
501328,street
501329,street
501330,sea
501331,street
501332,forest
501333,buildings
501334,sea
501335,street
501336,buildings
501337,street
501338,forest
501339,forest
501340,buildings
501341,mountain
501342,glacier
501343,street
501344,buildings
501345,buildings
501346,street
501347,street
501348,street
501349,glacier
501350,glacier
501351,sea
501352,street
501353,forest
501354,mountain
501355,mountain
501356,forest
501357,buildings
501358,mountain
501359,forest
501360,sea
501361,mountain
501362,sea
501363,glacier
501364,buildings
501365,mountain
501366,forest
501367,mountain
501368,buildings
501369,sea
501370,mountain
501371,glacier
501372,street
501373,mountain
501374,mountain
501375,buildings
501376,mountain
501377,mountain
501378,street
501379,street
501380,street
501381,buildings
501382,glacier
501383,glacier
501384,sea
501385,buildings
501386,forest
501387,forest
501388,glacier
501389,mountain
501390,glacier
501391,glacier
501392,street
501393,buildings
501394,street
501395,buildings
501396,mountain
501397,buildings
501398,mountain
501399,buildings
501400,street
501401,mountain
501402,mountain
501403,buildings
501404,glacier
501405,buildings
501406,street
501407,glacier
501408,street
501409,forest
501410,mountain
501411,glacier
501412,street
501413,forest
501414,street
501415,glacier
501416,glacier
501417,glacier
501418,mountain
501419,sea
501420,forest
501421,glacier
501422,street
501423,buildings
501424,sea
501425,sea
501426,street
501427,mountain
501428,glacier
501429,glacier
501430,glacier
501431,buildings
501432,forest
501433,glacier
501434,buildings
501435,glacier
501436,buildings
501437,forest
501438,glacier
501439,mountain
501440,glacier
501441,sea
501442,mountain
501443,street
501444,street
501445,mountain
501446,mountain
501447,glacier
501448,forest
501449,street
501450,buildings
501451,forest
501452,forest
501453,buildings
501454,street
501455,glacier
501456,street
501457,sea
501458,street
501459,forest
501460,forest
501461,forest
501462,mountain
501463,glacier
501464,street
501465,forest
501466,sea
501467,sea
501468,mountain
501469,glacier
501470,buildings
501471,glacier
501472,forest
501473,mountain
501474,forest
501475,mountain
501476,street
501477,forest
501478,mountain
501479,forest
501480,mountain
501481,mountain
501482,sea
501483,buildings
501484,forest
501485,street
501486,street
501487,street
501488,street
501489,sea
501490,mountain
501491,buildings
501492,glacier
501493,forest
501494,street
501495,street
501496,sea
501497,sea
501498,mountain
501499,street
501500,forest
501501,buildings
501502,street
501503,sea
501504,buildings
501505,forest
501506,sea
501507,buildings
501508,glacier
501509,glacier
501510,buildings
501511,sea
501512,sea
501513,mountain
501514,glacier
501515,forest
501516,forest
501517,forest
501518,mountain
501519,glacier
501520,sea
501521,buildings
501522,mountain
501523,street
501524,glacier
501525,glacier
501526,buildings
501527,mountain
501528,glacier
501529,street
501530,forest
501531,forest
501532,sea
501533,street
501534,buildings
501535,street
501536,glacier
501537,sea
501538,glacier
501539,sea
501540,glacier
501541,buildings
501542,sea
501543,mountain
501544,forest
501545,forest
501546,glacier
501547,street
501548,sea
501549,glacier
501550,forest
501551,street
501552,forest
501553,mountain
501554,street
501555,forest
501556,street
501557,mountain
501558,mountain
501559,mountain
501560,mountain
501561,forest
501562,sea
501563,buildings
501564,forest
501565,street
501566,glacier
501567,sea
501568,street
501569,forest
501570,buildings
501571,mountain
501572,sea
501573,glacier
501574,glacier
501575,forest
501576,mountain
501577,buildings
501578,sea
501579,forest
501580,buildings
501581,street
501582,forest
501583,mountain
501584,forest
501585,mountain
501586,glacier
501587,buildings
501588,sea
501589,glacier
501590,street
501591,glacier
501592,glacier
501593,forest
501594,buildings
501595,mountain
501596,glacier
501597,mountain
501598,glacier
501599,sea
501600,buildings
501601,forest
501602,glacier
501603,glacier
501604,street
501605,buildings
501606,glacier
501607,mountain
501608,glacier
501609,glacier
501610,sea
501611,street
501612,street
501613,glacier
501614,buildings
501615,buildings
501616,forest
501617,street
501618,sea
501619,street
501620,mountain
501621,forest
501622,mountain
501623,mountain
501624,buildings
501625,street
501626,mountain
501627,street
501628,sea
501629,street
501630,mountain
501631,buildings
501632,mountain
501633,glacier
501634,sea
501635,mountain
501636,street
501637,street
501638,mountain
501639,buildings
501640,buildings
501641,sea
501642,forest
501643,sea
501644,buildings
501645,mountain
501646,glacier
501647,glacier
501648,street
501649,forest
501650,mountain
501651,glacier
501652,mountain
501653,forest
501654,forest
501655,forest
501656,sea
501657,sea
501658,buildings
501659,mountain
501660,buildings
501661,buildings
501662,street
501663,buildings
501664,buildings
501665,street
501666,street
501667,mountain
501668,mountain
501669,buildings
501670,street
501671,forest
501672,mountain
501673,glacier
501674,buildings
501675,glacier
501676,forest
501677,forest
501678,mountain
501679,buildings
501680,street
501681,sea
501682,sea
501683,mountain
501684,forest
501685,glacier
501686,buildings
501687,mountain
501688,mountain
501689,forest
501690,mountain
501691,sea
501692,mountain
501693,street
501694,forest
501695,mountain
501696,mountain
501697,buildings
501698,street
501699,sea
501700,glacier
501701,buildings
501702,sea
501703,forest
501704,street
501705,street
501706,street
501707,mountain
501708,sea
501709,glacier
501710,sea
501711,street
501712,buildings
501713,sea
501714,sea
501715,glacier
501716,forest
501717,buildings
501718,buildings
501719,buildings
501720,buildings
501721,forest
501722,mountain
501723,glacier
501724,forest
501725,buildings
501726,mountain
501727,buildings
501728,sea
501729,glacier
501730,mountain
501731,forest
501732,mountain
501733,mountain
501734,mountain
501735,forest
501736,glacier
501737,glacier
501738,mountain
501739,mountain
501740,mountain
501741,buildings
501742,sea
501743,mountain
501744,sea
501745,forest
501746,street
501747,buildings
501748,sea
501749,forest
501750,forest
501751,street
501752,mountain
501753,street
501754,buildings
501755,street
501756,mountain
501757,mountain
501758,mountain
501759,street
501760,mountain
501761,forest
501762,buildings
501763,street
501764,mountain
501765,glacier
501766,forest
501767,mountain
501768,glacier
501769,buildings
501770,sea
501771,glacier
501772,forest
501773,buildings
501774,sea
501775,sea
501776,buildings
501777,mountain
501778,glacier
501779,street
501780,mountain
501781,buildings
501782,buildings
501783,sea
501784,sea
501785,buildings
501786,glacier
501787,mountain
501788,street
501789,forest
501790,forest
501791,forest
501792,buildings
501793,forest
501794,buildings
501795,sea
501796,forest
501797,forest
501798,buildings
501799,forest
501800,forest
501801,buildings
501802,buildings
501803,sea
501804,sea
501805,buildings
501806,forest
501807,street
501808,street
501809,forest
501810,street
501811,glacier
501812,glacier
501813,buildings
501814,mountain
501815,sea
501816,forest
501817,forest
501818,street
501819,sea
501820,mountain
501821,buildings
501822,glacier
501823,mountain
501824,forest
501825,sea
501826,sea
501827,mountain
501828,glacier
501829,glacier
501830,sea
501831,buildings
501832,glacier
501833,forest
501834,mountain
501835,forest
501836,mountain
501837,glacier
501838,glacier
501839,sea
501840,street
501841,mountain
501842,forest
501843,sea
501844,forest
501845,sea
501846,mountain
501847,forest
501848,buildings
501849,forest
501850,buildings
501851,glacier
501852,sea
501853,glacier
501854,sea
501855,mountain
501856,forest
501857,glacier
501858,glacier
501859,street
501860,glacier
501861,forest
501862,glacier
501863,street
501864,glacier
501865,buildings
501866,forest
501867,buildings
501868,glacier
501869,sea
501870,street
501871,mountain
501872,mountain
501873,sea
501874,glacier
501875,buildings
501876,forest
501877,sea
501878,buildings
501879,forest
501880,buildings
501881,buildings
501882,street
501883,sea
501884,buildings
501885,forest
501886,forest
501887,sea
501888,sea
501889,buildings
501890,sea
501891,sea
501892,street
501893,street
501894,buildings
501895,forest
501896,sea
501897,sea
501898,street
501899,buildings
501900,glacier
501901,mountain
501902,forest
501903,glacier
501904,buildings
501905,mountain
501906,sea
501907,glacier
501908,sea
501909,street
501910,mountain
501911,glacier
501912,buildings
501913,glacier
501914,sea
501915,glacier
501916,mountain
501917,sea
501918,sea
501919,buildings
501920,mountain
501921,street
501922,sea
501923,glacier
501924,forest
501925,glacier
501926,street
501927,mountain
501928,forest
501929,sea
501930,buildings
501931,glacier
501932,street
501933,glacier
501934,street
501935,mountain
501936,forest
501937,street
501938,mountain
501939,street
501940,street
501941,forest
501942,glacier
501943,street
501944,street
501945,glacier
501946,forest
501947,street
501948,street
501949,forest
501950,mountain
501951,glacier
501952,forest
501953,mountain
501954,street
501955,street
501956,street
501957,street
501958,glacier
501959,glacier
501960,mountain
501961,forest
501962,street
501963,street
501964,street
501965,mountain
501966,sea
501967,sea
501968,sea
501969,street
501970,mountain
501971,buildings
501972,street
501973,mountain
501974,glacier
501975,forest
501976,forest
501977,sea
501978,forest
501979,street
501980,buildings
501981,sea
501982,mountain
501983,mountain
501984,buildings
501985,street
501986,sea
501987,forest
501988,buildings
501989,mountain
501990,sea
501991,sea
501992,forest
501993,street
501994,forest
501995,street
501996,street
501997,mountain
501998,buildings
501999,glacier
502000,sea
502001,sea
502002,glacier
502003,glacier
502004,buildings
502005,mountain
502006,buildings
502007,forest
502008,glacier
502009,sea
502010,forest
502011,sea
502012,mountain
502013,glacier
502014,street
502015,forest
502016,mountain
502017,street
502018,mountain
502019,glacier
502020,glacier
502021,street
502022,street
502023,forest
502024,buildings
502025,forest
502026,street
502027,buildings
502028,mountain
502029,street
502030,forest
502031,forest
502032,glacier
502033,buildings
502034,street
502035,glacier
502036,street
502037,sea
502038,glacier
502039,mountain
502040,mountain
502041,buildings
502042,buildings
502043,street
502044,glacier
502045,sea
502046,mountain
502047,mountain
502048,street
502049,mountain
502050,sea
502051,sea
502052,street
502053,street
502054,street
502055,street
502056,street
502057,forest
502058,street
502059,mountain
502060,forest
502061,sea
502062,mountain
502063,glacier
502064,forest
502065,glacier
502066,sea
502067,street
502068,sea
502069,buildings
502070,sea
502071,forest
502072,sea
502073,glacier
502074,glacier
502075,buildings
502076,mountain
502077,street
502078,forest
502079,buildings
502080,sea
502081,street
502082,sea
502083,forest
502084,buildings
502085,forest
502086,buildings
502087,forest
502088,buildings
502089,mountain
502090,buildings
502091,sea
502092,glacier
502093,forest
502094,glacier
502095,buildings
502096,glacier
502097,street
502098,forest
502099,mountain
502100,sea
502101,street
502102,glacier
502103,street
502104,street
502105,forest
502106,street
502107,mountain
502108,forest
502109,sea
502110,forest
502111,buildings
502112,buildings
502113,sea
502114,sea
502115,buildings
502116,street
502117,mountain
502118,street
502119,mountain
502120,glacier
502121,buildings
502122,sea
502123,sea
502124,buildings
502125,street
502126,buildings
502127,mountain
502128,buildings
502129,forest
502130,street
502131,buildings
502132,street
502133,forest
502134,forest
502135,street
502136,buildings
502137,buildings
502138,buildings
502139,sea
502140,forest
502141,sea
502142,mountain
502143,mountain
502144,buildings
502145,buildings
502146,street
502147,glacier
502148,buildings
502149,mountain
502150,mountain
502151,glacier
502152,buildings
502153,glacier
502154,buildings
502155,sea
502156,mountain
502157,mountain
502158,street
502159,glacier
502160,mountain
502161,sea
502162,street
502163,sea
502164,mountain
502165,sea
502166,forest
502167,buildings
502168,forest
502169,mountain
502170,sea
502171,forest
502172,forest
502173,sea
502174,glacier
502175,mountain
502176,mountain
502177,buildings
502178,street
502179,glacier
502180,sea
502181,forest
502182,street
502183,street
502184,mountain
502185,mountain
502186,forest
502187,glacier
502188,street
502189,forest
502190,buildings
502191,sea
502192,street
502193,sea
502194,glacier
502195,glacier
502196,mountain
502197,mountain
502198,mountain
502199,mountain
502200,glacier
502201,forest
502202,sea
502203,glacier
502204,street
502205,mountain
502206,glacier
502207,mountain
502208,street
502209,forest
502210,buildings
502211,buildings
502212,street
502213,buildings
502214,mountain
502215,forest
502216,forest
502217,forest
502218,buildings
502219,sea
502220,street
502221,buildings
502222,forest
502223,forest
502224,sea
502225,glacier
502226,sea
502227,mountain
502228,sea
502229,forest
502230,sea
502231,mountain
502232,street
502233,glacier
502234,street
502235,buildings
502236,forest
502237,sea
502238,forest
502239,sea
502240,mountain
502241,sea
502242,mountain
502243,glacier
502244,mountain
502245,sea
502246,glacier
502247,forest
502248,buildings
502249,buildings
502250,glacier
502251,glacier
502252,buildings
502253,forest
502254,mountain
502255,buildings
502256,buildings
502257,glacier
502258,mountain
502259,street
502260,buildings
502261,forest
502262,forest
502263,glacier
502264,sea
502265,buildings
502266,street
502267,forest
502268,forest
502269,mountain
502270,glacier
502271,buildings
502272,mountain
502273,sea
502274,forest
502275,forest
502276,glacier
502277,sea
502278,street
502279,mountain
502280,glacier
502281,sea
502282,forest
502283,forest
502284,sea
502285,sea
502286,forest
502287,forest
502288,mountain
502289,glacier
502290,sea
502291,sea
502292,glacier
502293,mountain
502294,forest
502295,glacier
502296,buildings
502297,mountain
502298,street
502299,sea
502300,forest
502301,sea
502302,buildings
502303,forest
502304,sea
502305,mountain
502306,buildings
502307,street
502308,mountain
502309,forest
502310,forest
502311,forest
502312,sea
502313,forest
502314,sea
502315,street
502316,mountain
502317,street
502318,mountain
502319,buildings
502320,street
502321,sea
502322,sea
502323,mountain
502324,mountain
502325,glacier
502326,glacier
502327,street
502328,sea
502329,sea
502330,sea
502331,sea
502332,forest
502333,glacier
502334,street
502335,mountain
502336,street
502337,glacier
502338,buildings
502339,forest
502340,glacier
502341,glacier
502342,mountain
502343,glacier
502344,sea
502345,buildings
502346,glacier
502347,sea
502348,sea
502349,mountain
502350,mountain
502351,forest
502352,street
502353,street
502354,sea
502355,forest
502356,street
502357,sea
502358,buildings
502359,buildings
502360,forest
502361,glacier
502362,glacier
502363,forest
502364,sea
502365,mountain
502366,mountain
502367,street
502368,forest
502369,mountain
502370,street
502371,sea
502372,glacier
502373,mountain
502374,forest
502375,sea
502376,mountain
502377,mountain
502378,sea
502379,street
502380,mountain
502381,glacier
502382,street
502383,sea
502384,glacier
502385,mountain
502386,street
502387,sea
502388,mountain
502389,forest
502390,buildings
502391,mountain
502392,glacier
502393,mountain
502394,glacier
502395,sea
502396,glacier
502397,buildings
502398,forest
502399,mountain
502400,mountain
502401,glacier
502402,buildings
502403,sea
502404,sea
502405,glacier
502406,glacier
502407,forest
502408,mountain
502409,sea
502410,buildings
502411,forest
502412,street
502413,buildings
502414,sea
502415,mountain
502416,mountain
502417,street
502418,buildings
502419,buildings
502420,glacier
502421,forest
502422,mountain
502423,mountain
502424,forest
502425,glacier
502426,buildings
502427,glacier
502428,glacier
502429,buildings
502430,glacier
502431,street
502432,forest
502433,buildings
502434,street
502435,mountain
502436,buildings
502437,buildings
502438,sea
502439,buildings
502440,buildings
502441,buildings
502442,glacier
502443,street
502444,forest
502445,mountain
502446,glacier
502447,mountain
502448,forest
502449,glacier
502450,glacier
502451,mountain
502452,sea
502453,forest
502454,forest
502455,sea
502456,street
502457,street
502458,sea
502459,buildings
502460,buildings
502461,sea
502462,mountain
502463,glacier
502464,buildings
502465,street
502466,street
502467,street
502468,sea
502469,forest
502470,glacier
502471,forest
502472,forest
502473,sea
502474,forest
502475,sea
502476,forest
502477,mountain
502478,mountain
502479,glacier
502480,sea
502481,glacier
502482,street
502483,mountain
502484,glacier
502485,buildings
502486,glacier
502487,buildings
502488,mountain
502489,mountain
502490,mountain
502491,mountain
502492,street
502493,glacier
502494,glacier
502495,sea
502496,street
502497,mountain
502498,forest
502499,sea
502500,mountain
502501,street
502502,buildings
502503,street
502504,mountain
502505,sea
502506,sea
502507,mountain
502508,forest
502509,mountain
502510,glacier
502511,forest
502512,glacier
502513,mountain
502514,forest
502515,forest
502516,mountain
502517,glacier
502518,glacier
502519,mountain
502520,mountain
502521,glacier
502522,forest
502523,forest
502524,street
502525,glacier
502526,mountain
502527,sea
502528,mountain
502529,sea
502530,mountain
502531,sea
502532,mountain
502533,glacier
502534,glacier
502535,glacier
502536,forest
502537,sea
502538,street
502539,glacier
502540,street
502541,sea
502542,mountain
502543,street
502544,street
502545,street
502546,street
502547,forest
502548,forest
502549,street
502550,sea
502551,sea
502552,buildings
502553,mountain
502554,buildings
502555,forest
502556,sea
502557,buildings
502558,forest
502559,forest
502560,glacier
502561,sea
502562,forest
502563,sea
502564,forest
502565,mountain
502566,glacier
502567,forest
502568,forest
502569,mountain
502570,sea
502571,street
502572,glacier
502573,buildings
502574,street
502575,buildings
502576,street
502577,sea
502578,forest
502579,glacier
502580,sea
502581,buildings
502582,mountain
502583,street
502584,buildings
502585,buildings
502586,sea
502587,street
502588,street
502589,glacier
502590,glacier
502591,street
502592,forest
502593,mountain
502594,buildings
502595,glacier
502596,buildings
502597,glacier
502598,forest
502599,glacier
502600,forest
502601,buildings
502602,glacier
502603,street
502604,mountain
502605,mountain
502606,forest
502607,forest
502608,glacier
502609,mountain
502610,forest
502611,sea
502612,street
502613,street
502614,street
502615,glacier
502616,forest
502617,mountain
502618,buildings
502619,sea
502620,buildings
502621,forest
502622,sea
502623,sea
502624,buildings
502625,sea
502626,street
502627,forest
502628,street
502629,sea
502630,forest
502631,buildings
502632,forest
502633,glacier
502634,glacier
502635,street
502636,sea
502637,glacier
502638,glacier
502639,forest
502640,glacier
502641,mountain
502642,sea
502643,glacier
502644,mountain
502645,forest
502646,forest
502647,glacier
502648,glacier
502649,buildings
502650,glacier
502651,street
502652,sea
502653,glacier
502654,sea
502655,mountain
502656,forest
502657,street
502658,street
502659,forest
502660,glacier
502661,mountain
502662,glacier
502663,glacier
502664,mountain
502665,street
502666,sea
502667,sea
502668,sea
502669,sea
502670,buildings
502671,glacier
502672,sea
502673,glacier
502674,glacier
502675,buildings
502676,glacier
502677,sea
502678,sea
502679,forest
502680,glacier
502681,glacier
502682,street
502683,mountain
502684,street
502685,mountain
502686,sea
502687,sea
502688,buildings
502689,forest
502690,buildings
502691,sea
502692,sea
502693,forest
502694,forest
502695,mountain
502696,glacier
502697,mountain
502698,mountain
502699,street
502700,mountain
502701,street
502702,glacier
502703,buildings
502704,buildings
502705,forest
502706,street
502707,street
502708,sea
502709,glacier
502710,glacier
502711,forest
502712,glacier
502713,glacier
502714,sea
502715,mountain
502716,forest
502717,mountain
502718,mountain
502719,street
502720,sea
502721,sea
502722,forest
502723,buildings
502724,street
502725,buildings
502726,mountain
502727,buildings
502728,forest
502729,buildings
502730,mountain
502731,sea
502732,mountain
502733,mountain
502734,forest
502735,forest
502736,street
502737,mountain
502738,street
502739,forest
502740,street
502741,sea
502742,sea
502743,forest
502744,sea
502745,mountain
502746,street
502747,buildings
502748,forest
502749,glacier
502750,glacier
502751,glacier
502752,glacier
502753,sea
502754,forest
502755,street
502756,sea
502757,mountain
502758,glacier
502759,sea
502760,forest
502761,sea
502762,glacier
502763,mountain
502764,mountain
502765,mountain
502766,sea
502767,mountain
502768,street
502769,mountain
502770,buildings
502771,sea
502772,sea
502773,mountain
502774,buildings
502775,street
502776,mountain
502777,mountain
502778,glacier
502779,forest
502780,glacier
502781,mountain
502782,glacier
502783,mountain
502784,glacier
502785,mountain
502786,glacier
502787,glacier
502788,sea
502789,forest
502790,glacier
502791,mountain
502792,mountain
502793,sea
502794,sea
502795,street
502796,mountain
502797,street
502798,buildings
502799,sea
502800,forest
502801,sea
502802,glacier
502803,sea
502804,street
502805,sea
502806,sea
502807,sea
502808,street
502809,buildings
502810,buildings
502811,street
502812,mountain
502813,street
502814,street
502815,buildings
502816,sea
502817,mountain
502818,forest
502819,glacier
502820,sea
502821,sea
502822,sea
502823,sea
502824,forest
502825,sea
502826,buildings
502827,buildings
502828,sea
502829,forest
502830,glacier
502831,buildings
502832,mountain
502833,forest
502834,buildings
502835,street
502836,glacier
502837,mountain
502838,mountain
502839,street
502840,mountain
502841,glacier
502842,mountain
502843,sea
502844,glacier
502845,buildings
502846,forest
502847,mountain
502848,mountain
502849,street
502850,buildings
502851,mountain
502852,street
502853,mountain
502854,sea
502855,glacier
502856,forest
502857,buildings
502858,street
502859,sea
502860,forest
502861,street
502862,sea
502863,buildings
502864,street
502865,glacier
502866,glacier
502867,sea
502868,buildings
502869,sea
502870,glacier
502871,street
502872,buildings
502873,glacier
502874,mountain
502875,buildings
502876,glacier
502877,street
502878,buildings
502879,glacier
502880,sea
502881,mountain
502882,sea
502883,street
502884,forest
502885,buildings
502886,street
502887,forest
502888,glacier
502889,buildings
502890,street
502891,buildings
502892,forest
502893,forest
502894,street
502895,glacier
502896,forest
502897,sea
502898,mountain
502899,glacier
502900,glacier
502901,forest
502902,forest
502903,street
502904,glacier
502905,sea
502906,street
502907,glacier
502908,buildings
502909,sea
502910,buildings
502911,glacier
502912,forest
502913,sea
502914,street
502915,mountain
502916,mountain
502917,buildings
502918,glacier
502919,buildings
502920,glacier
502921,buildings
502922,mountain
502923,mountain
502924,forest
502925,glacier
502926,glacier
502927,street
502928,sea
502929,glacier
502930,forest
502931,buildings
502932,sea
502933,street
502934,glacier
502935,street
502936,glacier
502937,mountain
502938,street
502939,street
502940,buildings
502941,mountain
502942,sea
502943,glacier
502944,glacier
502945,sea
502946,glacier
502947,buildings
502948,mountain
502949,street
502950,glacier
502951,buildings
502952,forest
502953,glacier
502954,mountain
502955,mountain
502956,forest
502957,glacier
502958,sea
502959,sea
502960,street
502961,sea
502962,mountain
502963,mountain
502964,sea
502965,glacier
502966,street
502967,street
502968,mountain
502969,sea
502970,forest
502971,buildings
502972,mountain
502973,mountain
502974,street
502975,street
502976,glacier
502977,buildings
502978,forest
502979,sea
502980,glacier
502981,glacier
502982,sea
502983,buildings
502984,glacier
502985,sea
502986,buildings
502987,glacier
502988,street
502989,buildings
502990,sea
502991,mountain
502992,street
502993,forest
502994,mountain
502995,forest
502996,mountain
502997,buildings
502998,glacier
502999,mountain
